{
  "before_metrics": {
    "before_metrics": {
      "before_metrics": {
        "before_metrics": {
          "accuracy": 0.8032786885245902,
          "precision": 0.7692307692307693,
          "recall": 0.9090909090909091,
          "f1": 0.8333333333333334,
          "roc_auc": 0.8896103896103897,
          "n_pos": 165,
          "n_neg": 138,
          "scale_pos_weight": 0.8363636363636363,
          "target_mapping": {
            "0": 0,
            "1": 1
          },
          "best_params": {
            "model__subsample": 0.7,
            "model__reg_lambda": 100.0,
            "model__reg_alpha": 2.275845926074791,
            "model__n_estimators": 1100,
            "model__min_child_weight": 4,
            "model__max_depth": 5,
            "model__learning_rate": 0.036572773363888283,
            "model__gamma": 0.2,
            "model__colsample_bytree": 0.7
          }
        },
        "final_model_name": "Logistic Regression (elasticnet)",
        "final_metrics": {
          "n_pos": 165,
          "n_neg": 138,
          "scale_pos_weight": 0.8363636363636363,
          "threshold": 0.35,
          "accuracy": 0.8524590163934426,
          "precision": 0.8,
          "recall": 0.9696969696969697,
          "f1": 0.8767123287671232,
          "roc_auc": 0.9166666666666666
        },
        "model_comparison": [
          {
            "name": "Logistic Regression (elasticnet)",
            "n_pos": 165,
            "n_neg": 138,
            "scale_pos_weight": 0.8363636363636363,
            "threshold": 0.35,
            "accuracy": 0.8524590163934426,
            "precision": 0.8,
            "recall": 0.9696969696969697,
            "f1": 0.8767123287671232,
            "roc_auc": 0.9166666666666666,
            "best_params": {
              "model__tol": 0.002,
              "model__l1_ratio": 0.1,
              "model__C": 1.0
            }
          },
          {
            "name": "Random Forest",
            "n_pos": 165,
            "n_neg": 138,
            "scale_pos_weight": 0.8363636363636363,
            "threshold": 0.44999999999999996,
            "accuracy": 0.8032786885245902,
            "precision": 0.7560975609756098,
            "recall": 0.9393939393939394,
            "f1": 0.8378378378378378,
            "roc_auc": 0.8961038961038961,
            "best_params": {
              "model__n_estimators": 300,
              "model__min_samples_split": 2,
              "model__min_samples_leaf": 6,
              "model__max_features": "sqrt",
              "model__max_depth": 4
            }
          },
          {
            "name": "XGBoost (scale_pos_weight)",
            "n_pos": 165,
            "n_neg": 138,
            "scale_pos_weight": 0.8363636363636363,
            "threshold": 0.35,
            "accuracy": 0.7868852459016393,
            "precision": 0.7272727272727273,
            "recall": 0.9696969696969697,
            "f1": 0.8311688311688312,
            "roc_auc": 0.8798701298701298,
            "best_params": {
              "model__subsample": 0.6,
              "model__reg_lambda": 44.36687330978616,
              "model__reg_alpha": 5.0802180469130226e-05,
              "model__n_estimators": 1300,
              "model__min_child_weight": 7,
              "model__max_depth": 3,
              "model__learning_rate": 0.011706337816171067,
              "model__gamma": 0.0,
              "model__colsample_bytree": 0.9
            }
          },
          {
            "name": "XGBoost (SMOTE)",
            "n_pos": 165,
            "n_neg": 138,
            "scale_pos_weight": 0.8363636363636363,
            "threshold": 0.39999999999999997,
            "accuracy": 0.7868852459016393,
            "precision": 0.75,
            "recall": 0.9090909090909091,
            "f1": 0.821917808219178,
            "roc_auc": 0.875,
            "best_params": {
              "model__subsample": 0.8,
              "model__reg_lambda": 11.450475699382812,
              "model__reg_alpha": 0.8733261623828438,
              "model__n_estimators": 1100,
              "model__min_child_weight": 15,
              "model__max_depth": 4,
              "model__learning_rate": 0.39331167860186894,
              "model__gamma": 0.4,
              "model__colsample_bytree": 1.0
            }
          },
          {
            "name": "Ensemble (soft voting)",
            "n_pos": 165,
            "n_neg": 138,
            "scale_pos_weight": 0.8363636363636363,
            "threshold": 0.39999999999999997,
            "accuracy": 0.8360655737704918,
            "precision": 0.7804878048780488,
            "recall": 0.9696969696969697,
            "f1": 0.8648648648648649,
            "roc_auc": 0.9112554112554112,
            "best_params": {}
          }
        ],
        "ensemble_result": {
          "name": "Ensemble (soft voting)",
          "n_pos": 165,
          "n_neg": 138,
          "scale_pos_weight": 0.8363636363636363,
          "threshold": 0.39999999999999997,
          "accuracy": 0.8360655737704918,
          "precision": 0.7804878048780488,
          "recall": 0.9696969696969697,
          "f1": 0.8648648648648649,
          "roc_auc": 0.9112554112554112,
          "best_params": {}
        }
      },
      "final_model_name": "Logistic Regression (elasticnet)",
      "final_metrics": {
        "n_pos": 165,
        "n_neg": 138,
        "scale_pos_weight": 0.8363636363636363,
        "threshold": 0.35,
        "accuracy": 0.8524590163934426,
        "precision": 0.8,
        "recall": 0.9696969696969697,
        "f1": 0.8767123287671232,
        "roc_auc": 0.9166666666666666
      },
      "model_comparison": [
        {
          "name": "Logistic Regression (elasticnet)",
          "n_pos": 165,
          "n_neg": 138,
          "scale_pos_weight": 0.8363636363636363,
          "threshold": 0.35,
          "accuracy": 0.8524590163934426,
          "precision": 0.8,
          "recall": 0.9696969696969697,
          "f1": 0.8767123287671232,
          "roc_auc": 0.9166666666666666,
          "best_params": {
            "model__tol": 0.002,
            "model__l1_ratio": 0.1,
            "model__C": 1.0
          }
        },
        {
          "name": "Random Forest",
          "n_pos": 165,
          "n_neg": 138,
          "scale_pos_weight": 0.8363636363636363,
          "threshold": 0.44999999999999996,
          "accuracy": 0.8032786885245902,
          "precision": 0.7560975609756098,
          "recall": 0.9393939393939394,
          "f1": 0.8378378378378378,
          "roc_auc": 0.8961038961038961,
          "best_params": {
            "model__n_estimators": 300,
            "model__min_samples_split": 2,
            "model__min_samples_leaf": 6,
            "model__max_features": "sqrt",
            "model__max_depth": 4
          }
        },
        {
          "name": "XGBoost (scale_pos_weight)",
          "n_pos": 165,
          "n_neg": 138,
          "scale_pos_weight": 0.8363636363636363,
          "threshold": 0.35,
          "accuracy": 0.7868852459016393,
          "precision": 0.7272727272727273,
          "recall": 0.9696969696969697,
          "f1": 0.8311688311688312,
          "roc_auc": 0.8798701298701298,
          "best_params": {
            "model__subsample": 0.6,
            "model__reg_lambda": 44.36687330978616,
            "model__reg_alpha": 5.0802180469130226e-05,
            "model__n_estimators": 1300,
            "model__min_child_weight": 7,
            "model__max_depth": 3,
            "model__learning_rate": 0.011706337816171067,
            "model__gamma": 0.0,
            "model__colsample_bytree": 0.9
          }
        },
        {
          "name": "XGBoost (SMOTE)",
          "n_pos": 165,
          "n_neg": 138,
          "scale_pos_weight": 0.8363636363636363,
          "threshold": 0.39999999999999997,
          "accuracy": 0.7868852459016393,
          "precision": 0.75,
          "recall": 0.9090909090909091,